Attendance,Study_Hours,Previous_Marks,Assignment_Score,Internal_Marks,Participation,Sleep_Hours,Performance
77,3.0,67,80,68,4,7.1,Medium
76,3.4,71,86,78,7,6.1,High
80,5.0,69,71,76,4,6.5,High
87,2.9,73,75,79,4,7.4,High
52,2.4,56,83,78,4,7.6,Low
77,2.8,69,82,78,7,7.4,High
72,2.2,62,78,67,10,6.0,Low
86,5.2,75,82,87,6,5.4,High
88,1.2,68,75,66,8,7.4,High
84,2.3,61,62,81,5,6.7,Medium
71,2.8,44,59,63,7,8.0,Low
81,3.4,82,83,73,4,7.7,High
90,3.2,93,68,89,7,6.3,High
76,5.2,79,80,41,8,7.4,Medium
72,3.2,90,59,65,9,6.4,Medium
79,1.5,71,57,81,7,9,Medium
92,1.4,66,76,91,3,7.8,High
93,4.2,69,66,55,7,6.6,High
72,3.6,48,67,73,8,8.2,Low
67,3.8,75,78,62,9,6.9,Medium
91,4.1,72,98,73,6,6.9,High
79,3.9,84,66,49,7,7.0,Medium
87,4.1,55,78,68,4,7.3,Medium
71,3.9,74,65,75,9,6.1,Medium
78,6.4,44,80,66,6,8.7,Low
100,2.6,73,66,62,7,6.5,High
57,6.0,66,93,58,7,9,Low
63,2.4,74,80,85,6,5.2,Medium
90,3.9,43,72,87,10,7.4,High
66,2.0,69,78,77,6,5.6,Low
66,4.1,38,68,75,10,6.9,Low
74,2.2,59,90,82,7,9,Medium
84,3.6,65,100,88,4,6.4,High
86,1.3,39,49,69,6,7.1,Low
66,0.5,72,76,82,8,6.6,Medium
77,2.3,61,65,44,7,7.0,Low
71,3.7,90,72,64,5,6.7,Medium
77,3.3,92,83,82,5,7.5,High
81,3.8,58,96,77,3,7.4,Medium
78,3.9,73,48,56,8,8.1,Medium
96,0.5,78,49,89,7,5.7,High
84,0.6,72,63,71,6,8.2,Medium
81,5.7,57,75,72,5,7.4,Medium
69,5.7,78,70,62,5,8.0,Medium
83,2.9,76,71,79,6,7.6,High
77,2.0,56,63,58,8,6.8,Low
100,3.2,48,67,69,4,6.5,Medium
73,2.1,58,93,68,5,6.4,Medium
71,3.9,77,81,87,5,7.9,High
74,4.9,79,72,56,8,6.2,Medium
72,3.5,40,76,72,5,7.8,Low
72,2.3,77,54,66,5,6.9,Low
78,4.8,71,68,55,8,7.3,Medium
71,3.2,67,71,70,3,7.6,Low
89,6.3,64,72,70,10,5.1,High
63,0.5,42,55,83,5,6.6,Low
84,1.7,85,60,61,7,6.8,High
79,1.5,61,65,79,7,6.7,Medium
73,3.0,70,90,69,6,5.8,Medium
72,3.7,43,85,54,5,7.9,Low
77,3.3,55,88,88,3,5.4,Medium
65,2.7,70,80,67,7,6.0,Medium
73,3.7,61,73,68,6,5.8,Medium
92,3.5,78,82,81,7,7.0,High
79,1.8,68,49,70,7,8.0,Low
87,3.2,55,55,58,4,7.4,Low
84,3.3,82,85,62,6,6.3,High
85,4.9,68,66,83,2,7.0,High
72,5.1,81,69,69,6,6.3,Medium
92,4.6,78,59,95,10,7.0,High
69,3.8,56,72,83,3,8.8,Medium
66,1.2,64,60,67,1,6.6,Low
67,2.8,49,80,67,10,7.0,Low
84,2.5,51,76,68,7,7.2,Low
82,5.6,54,93,67,5,9,Medium
92,4.3,46,73,64,4,5.0,Low
84,3.7,64,62,58,5,5.8,Low
78,1.9,65,63,70,8,7.0,Medium
61,2.7,72,80,51,7,8.0,Low
77,3.8,71,80,71,7,6.0,Medium
91,2.9,66,66,79,5,7.7,High
67,3.5,70,76,83,6,7.2,Medium
91,4.1,75,74,61,6,7.3,High
79,1.3,70,64,57,6,4.9,Low
87,3.1,55,61,68,2,7.0,Low
75,2.5,70,76,83,7,6.1,Medium
80,5.4,64,59,60,2,7.1,Low
66,0.5,53,79,54,3,7.0,Low
82,4.2,68,56,69,8,6.2,Medium
89,2.6,63,72,82,7,6.5,High
99,5.1,77,59,100,4,6.4,High
94,3.8,49,75,77,6,5.6,Medium
74,3.2,61,81,59,3,6.1,Low
72,6.5,74,58,60,7,5.6,High
68,4.2,87,71,58,6,7.2,Medium
79,1.2,69,64,44,5,5.4,Low
97,5.8,61,66,78,9,6.4,High
100,3.0,62,73,77,4,6.6,High
75,5.8,78,71,59,6,7.9,Medium
93,1.3,64,93,46,9,4.9,Medium
76,4.4,30,49,63,7,5.9,Low
66,2.6,57,75,77,9,6.1,Low
78,2.8,67,53,74,5,5.8,Low
90,3.0,83,75,50,4,7.6,Medium
67,2.9,66,60,66,6,4.2,Low
70,5.0,53,53,84,3,6.2,Low
75,0.9,70,70,85,8,9,Medium
78,1.7,83,82,79,5,6.1,Medium
95,3.9,65,83,79,8,5.2,High
80,3.7,80,60,72,10,7.5,High
78,4.3,91,73,85,5,7.4,High
70,4.7,59,62,70,10,7.1,Medium
71,3.3,53,65,80,6,8.3,Low
76,5.0,60,54,86,7,4.6,Medium
74,5.6,59,65,59,4,6.1,Low
68,1.0,49,53,64,5,5.6,Low
78,2.6,62,91,73,7,4.2,Medium
56,2.6,73,64,76,4,7.4,Low
75,3.8,75,70,93,6,6.3,Medium
96,2.7,53,88,85,7,5.4,High
72,1.6,82,46,77,7,8.9,Medium
57,2.0,69,76,82,3,6.5,Low
93,5.8,63,85,91,9,7.5,High
70,1.2,81,68,70,5,6.4,Medium
68,3.3,71,71,61,8,8.7,Low
90,4.4,34,63,62,8,7.0,Low
84,1.9,58,57,68,6,7.0,Low
87,4.5,88,81,72,8,7.4,High
91,5.6,94,72,74,7,6.8,High
77,2.9,91,74,71,8,7.0,High
77,1.5,68,58,73,4,7.7,Low
81,3.1,73,48,57,6,7.1,Low
68,3.4,62,59,74,6,8.0,Low
85,3.7,57,61,52,10,5.7,Low
74,2.8,60,50,58,4,6.7,Low
71,3.5,60,83,65,7,5.5,Medium
74,3.8,72,70,73,6,8.1,High
83,1.5,54,64,67,7,5.9,Low
78,0.5,62,41,61,5,6.2,Low
74,2.4,88,87,56,9,5.2,High
93,0.5,75,57,68,6,8.5,Medium
77,4.1,65,62,69,7,7.7,Low
74,3.7,66,70,70,5,6.0,Medium
67,4.8,71,57,73,7,7.6,Medium
74,2.2,60,60,61,7,6.8,Low
71,3.7,61,60,68,6,5.7,Low
86,3.3,70,78,70,8,8.5,High
82,4.4,64,58,81,3,8.6,Medium
80,3.3,91,61,56,5,6.5,Medium
80,3.4,57,91,53,4,7.2,Low
82,2.3,55,64,62,8,6.3,Low
84,4.7,80,81,79,5,6.5,High
81,2.3,73,78,54,4,6.5,Low
80,1.6,69,52,44,8,5.5,Low
64,1.2,63,67,82,7,6.5,Low
89,3.8,63,84,91,8,8.6,High
86,1.7,54,71,50,5,7.7,Low
83,1.3,62,84,73,7,8.5,High
69,5.0,60,72,70,9,5.7,Medium
83,4.3,65,84,61,9,7.2,Medium
82,3.5,63,63,67,4,8.5,Low
71,4.8,76,81,88,6,5.8,High
86,2.7,52,87,77,4,7.6,Medium
73,1.6,60,62,63,8,7.1,Low
89,2.7,69,78,90,8,8.2,High
89,0.7,79,75,71,5,6.4,High
86,1.1,71,65,59,7,6.5,Medium
70,3.6,68,59,60,6,7.2,Low
83,2.0,100,61,61,7,5.9,High
96,2.7,70,66,70,9,7.7,High
93,4.8,74,64,71,5,7.3,High
56,4.5,70,85,68,7,7.9,Low
81,7.7,66,74,91,5,5.8,High
83,4.1,78,56,82,9,6.7,High
85,3.7,76,59,68,4,7.4,High
77,3.6,48,82,64,7,7.9,Low
90,3.4,68,79,55,8,6.9,High
76,2.7,73,71,56,6,8.1,Low
69,4.2,44,47,70,7,7.0,Low
76,1.2,71,53,68,7,5.0,Low
86,5.4,48,76,55,4,8.4,Low
70,3.5,76,74,97,8,4,High
71,2.9,68,64,57,9,7.4,Low
85,4.1,84,59,79,5,8.0,High
55,3.2,45,69,69,6,5.3,Low
70,2.9,85,81,64,9,5.4,High
76,3.5,76,64,80,6,9,High
91,4.1,53,88,57,2,7.7,Medium
79,2.8,89,81,62,8,5.6,High
67,0.5,53,87,57,5,5.6,Low
78,3.9,67,58,58,8,6.7,Medium
46,4.8,62,98,64,7,7.5,Low
87,2.3,85,82,76,5,6.6,High
58,2.4,80,57,85,5,7.1,Low
83,3.8,83,88,85,7,5.6,High
65,2.6,78,77,89,6,5.1,Medium
80,2.7,86,69,53,7,5.7,High
81,1.2,82,100,46,8,7.3,High
81,3.9,59,89,54,10,8.3,Medium
78,5.2,62,70,65,9,6.2,Medium
83,2.9,57,56,52,4,5.1,Low
81,3.3,57,60,58,4,5.6,Low
64,3.2,60,100,48,7,6.5,Low
81,3.4,54,77,75,9,6.2,High
76,0.5,75,71,59,8,6.3,Medium
77,4.3,77,78,58,8,6.8,High
83,4.3,58,67,71,4,5.6,Medium
77,3.5,83,67,78,6,6.6,High
57,3.3,60,61,47,6,4.9,Low
76,0.8,59,81,63,6,6.4,Low
61,3.1,61,100,67,6,7.8,Low
81,2.0,88,64,75,9,6.5,High
84,4.2,54,74,59,5,6.2,Medium
94,6.8,67,62,58,10,5.3,High
72,5.6,55,85,86,6,7.3,Medium
77,2.9,34,77,74,3,5.4,Low
73,2.8,56,60,74,6,6.7,Low
83,3.0,79,73,81,9,5.3,High
96,1.8,68,68,75,8,6.1,High
69,3.0,81,95,64,8,7.0,Medium
68,1.5,61,67,70,9,7.2,Medium
76,4.3,73,90,65,8,8.4,High
77,3.9,62,61,92,6,8.5,Medium
76,4.3,65,61,61,7,6.1,Low
55,2.4,66,66,58,5,6.9,Low
64,2.8,81,76,69,6,6.8,Medium
56,2.2,43,87,80,5,7.6,Low
72,5.0,73,69,57,5,6.4,Low
83,2.7,74,67,100,3,5.9,High
100,1.8,92,61,86,7,9,High
72,7.3,53,68,92,5,6.2,Medium
83,3.7,58,74,78,10,7.1,Medium
78,2.3,85,52,77,4,8.1,High
80,3.9,64,80,69,8,6.9,Medium
73,5.3,87,73,68,6,7.4,High
68,4.1,84,61,68,7,7.5,Medium
73,2.6,73,77,70,4,5.7,Medium
66,3.5,63,65,70,10,7.1,Low
63,3.9,83,79,84,7,5.5,High
83,4.2,62,71,74,9,7.8,High
82,1.8,54,71,82,7,7.4,Low
63,4.8,68,56,81,7,9,Medium
81,3.0,71,71,53,8,7.1,Low
72,2.0,81,71,88,3,5.7,High
71,1.7,61,63,76,9,5.2,Low
78,3.3,79,73,63,4,5.0,Medium
78,4.5,63,100,69,6,7.2,Medium
80,0.5,77,73,73,7,5.5,Medium
94,3.9,60,77,75,10,7.9,High
74,5.7,67,62,55,5,6.4,Low
87,4.8,70,82,97,8,8.4,High
71,2.1,33,73,87,5,7.0,Low
73,3.6,52,86,47,7,6.3,Low
86,0.5,37,60,64,6,6.8,Low
64,0.7,71,68,69,5,6.6,Low
62,1.5,76,91,68,4,4.8,Low
66,6.2,98,75,76,6,7.9,High
79,5.1,76,98,50,5,5.9,High
73,4.0,53,71,98,10,4.9,High
86,2.5,54,80,71,8,6.6,High
69,2.5,75,81,53,9,5.3,Low
75,2.2,83,44,61,5,7.7,Medium
86,5.2,39,74,53,6,7.0,Low
92,0.5,57,54,50,9,7.0,Low
90,3.3,55,84,62,4,5.6,Medium
91,3.3,84,73,65,10,8.6,High
70,0.9,73,69,76,7,7.2,Medium
81,2.2,58,79,57,8,7.5,Low
70,0.7,53,52,70,6,5.9,Low
79,3.3,75,84,51,8,5.0,Medium
88,4.2,77,74,87,3,6.5,High
98,4.6,81,63,97,7,5.8,High
64,2.0,65,60,76,7,6.9,Low
62,5.1,57,90,93,10,6.6,Medium
81,3.1,45,81,59,9,7.8,Low
78,2.9,62,100,59,7,7.8,Medium
72,1.3,83,81,76,3,7.3,Medium
75,1.3,67,62,71,7,6.5,Medium
77,3.9,73,84,58,6,7.7,Medium
89,4.2,62,83,67,8,8.7,High
100,1.0,61,69,65,7,6.4,High
88,3.8,55,79,78,7,6.8,High
73,2.7,77,78,80,6,5.5,Medium
74,4.3,78,50,76,6,5.8,High
81,4.4,100,65,65,9,5.5,High
78,4.6,73,61,82,8,5.7,High
73,1.6,82,68,67,4,6.4,Medium
85,0.9,55,80,64,5,5.9,Low
79,2.7,83,71,58,8,8.1,Medium
61,2.5,50,92,53,6,8.3,Low
73,2.1,66,69,88,6,5.5,Medium
88,2.9,78,73,56,6,5.7,Medium
69,3.7,70,56,59,6,7.3,Low
56,5.0,91,91,77,8,6.1,High
67,3.4,49,79,66,8,7.0,Low
86,1.6,65,66,79,6,7.1,Medium
55,1.9,70,84,77,9,6.6,Low
73,2.6,57,65,68,5,6.8,Low
82,3.4,74,66,64,8,6.6,High
64,2.9,53,63,61,6,7.6,Low
84,1.2,63,88,76,7,7.4,High
84,5.2,55,71,78,8,7.4,High
73,1.3,85,72,63,7,6.4,Medium
87,3.6,75,72,82,2,5.6,High
74,1.9,76,60,73,7,6.9,Medium
76,4.9,75,84,69,3,6.3,Medium
91,4.8,74,62,72,6,6.6,High
83,3.2,78,54,56,10,5.9,Medium
82,1.8,90,71,72,10,6.0,High
75,1.3,72,78,72,8,7.7,Medium
76,4.9,59,89,68,8,8.6,Medium
76,2.6,90,67,100,3,7.1,High
83,2.4,62,50,71,4,5.5,Low
77,4.6,50,77,74,6,6.0,Low
87,2.7,79,69,91,7,6.6,High
64,3.7,65,75,62,6,6.2,Low
76,5.8,59,85,57,6,6.0,Medium
82,3.4,71,59,87,9,6.8,High
84,3.0,65,66,66,6,7.5,Medium
74,2.3,49,91,76,8,6.3,Medium
79,5.2,68,71,64,7,7.0,High
93,3.3,84,39,64,7,7.7,High
77,2.6,58,95,83,9,6.8,High
84,3.2,66,72,62,5,6.6,Low
84,4.4,58,50,75,7,6.8,Low
59,5.6,65,78,69,7,5.5,Low
64,1.7,59,50,64,5,5.6,Low
78,2.0,94,81,83,6,7.7,High
68,2.2,100,67,76,6,7.6,High
68,4.8,71,42,70,6,7.5,Low
81,3.3,72,58,60,5,5.5,Medium
89,4.1,60,66,65,9,7.3,High
68,2.9,52,55,68,6,6.3,Low
80,2.8,80,79,54,7,6.2,High
78,2.5,63,54,85,10,5.1,Medium
77,2.4,84,87,67,10,6.8,High
81,2.2,87,79,66,6,5.9,High
65,3.2,61,79,83,8,6.7,Low
75,3.2,74,65,58,7,8.2,Medium
86,1.8,86,62,61,7,5.4,High
77,3.8,57,82,76,6,7.7,Low
82,3.0,58,74,76,5,6.7,Medium
82,4.9,62,88,54,7,5.1,Medium
85,6.0,69,63,82,7,6.9,High
89,0.8,69,72,57,3,6.7,Low
71,3.0,63,72,89,6,8.7,Medium
88,2.2,64,61,75,6,7.2,Medium
80,2.7,55,67,79,6,6.7,Medium
83,1.1,67,62,69,7,7.3,Medium
73,2.8,75,84,58,8,7.5,Medium
75,4.2,74,77,61,3,6.7,Medium
83,2.1,76,77,61,8,6.5,Medium
81,3.2,56,79,70,5,5.0,Medium
79,3.4,86,42,85,9,5.8,High
70,1.7,67,94,74,7,7.7,Medium
93,5.4,74,63,83,7,7.4,High
82,1.9,87,75,74,8,7.1,High
80,3.0,61,66,67,8,6.5,Medium
77,3.9,76,96,53,6,7.4,Medium
95,3.0,58,84,44,7,5.8,Medium
82,4.3,73,97,71,6,8.0,High
82,0.5,74,71,65,5,7.7,Low
100,4.8,73,95,73,5,7.8,High
84,4.9,75,55,72,6,6.1,Medium
66,2.5,83,100,80,5,6.4,High
84,3.7,71,86,97,7,7.0,High
73,0.5,74,63,86,7,8.3,Medium
89,0.9,80,69,81,6,7.5,High
82,3.8,90,65,87,6,8.0,High
70,0.5,70,64,64,6,6.3,Low
89,4.8,98,63,40,10,7.1,High
60,1.3,77,70,44,5,7.8,Low
80,7.2,81,94,86,8,5.5,High
71,3.6,68,76,70,7,7.8,Medium
75,0.5,79,63,59,8,7.7,Medium
88,1.7,65,65,91,8,6.6,High
82,3.0,74,82,68,4,7.2,Medium
67,2.1,65,72,77,6,7.2,Low
83,3.8,75,89,67,3,6.7,High
78,3.6,46,62,76,8,6.0,Low
71,1.6,69,75,75,8,8.5,Medium
74,4.5,49,73,83,8,7.6,Medium
71,4.3,67,85,71,8,8.3,High
76,2.7,59,84,86,6,5.0,Medium
82,1.9,43,67,46,7,6.4,Low
91,1.9,40,72,76,4,6.4,Low
78,2.3,100,69,72,6,4.2,High
46,5.1,51,56,69,10,7.1,Low
70,4.1,63,81,46,8,7.1,Low
68,3.0,62,75,53,5,8.9,Low
74,3.0,64,86,63,8,5.9,Medium
76,3.0,67,79,56,5,8.8,Medium
74,4.1,67,45,72,6,7.1,Low
76,4.8,66,67,74,6,7.9,Medium
82,2.2,52,81,73,8,7.5,Low
79,0.5,75,59,76,8,6.3,Medium
90,0.9,76,73,81,3,6.8,High
92,2.1,64,94,53,6,7.0,Medium
69,4.6,80,94,60,6,7.9,High
78,1.1,65,84,78,9,8.7,Medium
69,1.5,66,84,91,7,6.8,Medium
90,2.1,67,71,70,10,5.9,High
71,2.1,59,80,70,9,6.0,Low
74,3.6,49,71,76,5,6.0,Low
77,3.8,100,86,55,3,6.7,High
85,2.5,81,89,88,4,7.2,High
70,1.4,65,55,79,6,5.9,Low
93,3.7,60,69,69,5,5.1,Medium
90,2.0,43,71,83,3,7.0,Low
83,4.0,76,53,77,9,6.6,High
68,5.0,60,92,65,8,6.3,Medium
58,3.7,41,58,93,8,4.8,Low
72,4.0,92,80,75,8,5.7,High
87,2.3,60,89,73,4,6.4,Medium
77,3.1,65,92,80,9,5.1,High
90,4.2,59,63,82,6,7.4,High
77,3.4,57,92,77,9,6.3,Medium
75,2.0,77,81,64,6,7.2,Medium
74,5.4,58,66,100,2,5.6,High
74,3.9,96,63,63,7,6.7,High
77,1.3,74,82,68,6,7.3,Medium
75,3.1,87,71,69,6,6.4,Medium
69,4.4,61,73,64,4,6.3,Low
74,2.3,62,68,73,6,6.7,Low
82,3.6,71,80,69,9,7.3,High
77,3.6,59,72,80,6,8.3,Medium
94,1.7,64,66,82,8,6.7,High
78,4.2,79,71,65,7,6.9,High
73,5.6,60,90,87,8,8.7,High
75,2.5,59,82,52,4,8.3,Low
82,4.5,78,70,52,9,7.2,Medium
79,2.5,67,68,77,6,5.6,Medium
83,1.2,73,83,68,7,6.0,Medium
83,3.1,74,69,67,7,6.7,High
74,1.2,70,56,40,4,6.4,Low
63,2.9,84,82,70,8,6.4,Medium
85,1.7,72,72,66,6,7.9,Medium
81,2.8,58,72,74,6,7.0,Medium
72,3.8,45,77,48,8,6.3,Low
63,3.2,79,79,70,6,7.9,Medium
72,2.4,59,72,56,2,6.6,Low
80,4.7,51,66,53,7,6.7,Low
78,2.2,55,91,80,6,5.3,Medium
84,3.4,81,87,69,6,6.3,High
87,2.6,46,78,69,6,4.8,Medium
85,1.6,70,59,54,2,7.6,Low
75,3.1,91,63,56,7,7.3,Medium
64,2.1,77,81,50,4,5.8,Low
100,2.8,69,62,100,5,6.3,High
65,4.3,68,62,63,3,6.2,Low
73,2.5,60,65,60,9,8.2,Low
89,2.8,64,62,78,8,5.5,High
73,1.9,68,49,65,10,7.2,Low
84,3.3,64,65,70,5,6.6,Medium
86,1.4,62,91,92,7,8.4,High
77,0.5,67,57,72,10,7.0,Low
66,0.5,43,92,80,6,6.6,Low
78,5.1,73,48,83,3,6.4,Medium
78,1.4,50,59,80,6,7.5,Low
80,4.0,55,71,56,8,7.7,Medium
78,4.5,66,65,76,8,9,High
67,1.8,51,73,57,9,6.5,Low
80,3.7,55,72,65,6,6.9,Medium
73,4.4,72,92,30,5,8.1,Low
93,3.3,41,81,57,5,8.3,Low
68,6.0,80,68,61,6,8.4,Medium
65,5.0,64,73,76,6,4.4,Low
90,6.2,66,72,86,8,7.1,High
74,3.5,48,68,91,6,5.4,Low
78,2.4,57,75,73,7,7.2,Low
72,2.7,67,84,61,5,8.3,Low
64,2.8,52,58,54,5,8.9,Low
92,4.7,66,77,71,4,5.6,High
66,3.5,76,81,74,4,7.3,Medium
68,0.5,74,53,50,10,5.6,Low
79,3.3,55,64,80,6,6.8,Low
72,4.4,59,61,74,8,7.1,Low
85,5.5,83,53,100,4,5.6,High
77,3.7,85,83,59,7,7.8,High
89,4.3,77,66,54,7,6.3,High
69,2.7,62,84,79,7,7.1,Medium
60,4.2,82,87,80,5,6.3,High
72,2.9,48,58,74,6,6.0,Low
81,2.8,70,73,67,6,5.9,Medium
60,1.6,53,67,84,6,7.0,Low
81,5.6,67,62,56,7,5.9,Medium
68,0.9,74,56,77,9,6.2,Low
92,2.5,89,68,59,7,7.0,High
87,3.7,77,74,80,5,5.7,High
100,4.3,59,89,48,6,7.2,High
72,3.0,61,63,57,3,5.8,Low
88,2.3,52,91,56,7,5.9,Low
82,3.8,85,80,72,8,5.8,High
83,3.9,76,54,56,7,6.9,Medium
79,2.9,84,76,79,9,8.1,High
85,3.6,82,99,57,5,8.4,High
74,2.2,80,79,94,6,7.7,High
64,1.7,72,65,65,5,6.7,Low
65,3.7,70,84,76,7,7.6,Medium
73,3.6,80,80,67,6,7.0,Medium
86,4.3,80,84,82,3,7.0,High
68,3.0,83,76,73,10,7.0,High
64,2.0,69,54,75,7,6.1,Low
83,2.3,78,63,77,9,7.1,High
79,3.3,57,57,65,8,7.6,Medium
78,6.0,57,77,67,9,6.8,Medium
80,1.6,57,83,70,8,5.9,Medium
76,0.5,56,55,52,8,7.2,Low
71,3.9,49,66,68,5,6.9,Low
83,3.6,80,66,78,7,7.0,High
56,5.9,56,62,66,4,8.5,Low
71,2.0,74,89,73,5,8.1,Medium
71,3.1,70,75,70,7,8.7,High
80,1.9,54,82,51,6,7.2,Low
74,5.8,78,66,79,6,6.3,High
90,2.4,67,84,74,7,6.1,High
86,0.5,85,57,54,5,8.1,Medium
80,0.9,82,69,55,7,7.3,Medium
91,4.0,88,71,71,8,8.0,High
97,3.4,68,77,60,3,8.9,High
69,3.4,76,66,87,6,7.8,Medium
83,5.4,74,66,73,8,6.4,High
96,5.2,59,56,55,4,6.5,Medium
64,3.4,30,74,89,4,4,Low
85,2.6,71,87,90,8,5.6,High
68,3.2,65,65,88,6,5.3,Medium
85,3.3,58,67,63,5,6.1,Low
64,3.5,58,83,75,10,5.4,Medium
77,4.1,80,84,71,7,6.7,High
69,3.8,88,96,83,9,7.3,High
97,3.1,47,70,72,5,5.6,Medium
66,4.5,90,80,53,7,5.9,Medium
70,4.6,77,68,76,7,8.5,Medium
82,4.9,63,66,72,5,6.3,Medium
76,0.5,60,79,65,6,7.7,Low
71,4.9,45,62,76,7,6.9,Low
76,4.3,62,64,48,8,5.9,Low
88,2.9,69,74,68,4,8.2,Medium
83,3.6,72,75,81,5,7.8,High
78,2.6,67,79,56,3,6.5,Low
75,5.1,85,89,87,7,7.4,High
51,3.8,58,70,40,8,6.6,Low
66,2.1,57,60,53,6,6.5,Low
60,2.6,56,76,69,8,8.6,Low
83,2.2,66,72,96,4,6.7,High
70,3.7,68,73,61,8,5.9,Low
86,5.2,58,79,69,9,6.9,High
93,1.8,64,63,69,3,5.1,Medium
81,4.3,56,59,68,9,6.9,Medium
90,3.7,70,77,68,10,6.7,High
85,4.5,62,81,83,1,5.1,High
69,5.6,72,71,71,6,6.2,Medium
88,1.0,71,67,71,5,6.9,Medium
78,2.8,46,77,36,6,5.3,Low
75,4.3,65,69,83,6,6.8,High
85,6.0,74,66,83,8,6.5,High
77,3.9,68,70,90,7,5.5,High
75,3.6,71,76,50,3,8.2,Low
91,3.9,61,52,76,8,8.6,High
79,0.7,60,75,66,5,8.2,Medium
67,3.3,62,90,73,8,5.9,Medium
75,5.8,82,64,76,7,6.6,High
78,3.2,60,63,71,7,7.9,Low
79,5.4,59,59,59,8,5.5,Low
71,2.4,64,68,66,6,7.1,Low
83,2.5,62,73,49,5,6.1,Low
76,2.2,56,84,95,8,7.1,High
81,2.8,69,68,44,5,6.0,Low
73,0.7,68,75,79,7,9,Medium
91,4.5,60,70,61,6,6.4,Medium
78,1.7,83,83,62,8,5.7,Medium
81,4.0,58,78,94,10,5.9,High
66,7.2,62,82,71,4,6.6,Low
72,2.8,71,45,69,10,5.8,Low
74,0.5,55,64,80,6,6.6,Low
79,3.0,77,55,68,9,4.7,Medium
80,3.5,64,77,59,8,7.0,Medium
86,4.0,86,62,66,3,7.7,High
73,1.5,83,63,64,10,6.4,Medium
94,4.0,54,90,49,9,7.3,Medium
70,1.6,90,73,62,8,8.0,Medium
85,4.5,69,76,69,5,5.5,High
71,3.2,65,84,73,7,6.5,Medium
75,3.5,46,72,74,7,5.7,Low
74,2.4,52,59,70,7,6.9,Low
82,2.9,62,61,64,8,6.6,Medium
68,7.1,39,48,64,7,8.6,Low
81,4.5,69,49,73,7,9,Medium
91,1.3,88,74,80,8,7.5,High
71,3.0,58,71,51,7,7.8,Low
91,3.4,66,69,75,8,7.1,High
92,3.9,81,73,67,10,5.7,High
98,3.5,62,65,46,10,7.5,High
86,1.9,74,85,44,8,7.5,Medium
69,3.0,62,76,64,8,6.3,Low
90,3.0,75,56,88,4,6.9,High
70,2.8,84,93,67,6,4.9,High
67,1.9,69,81,88,10,7.6,Medium
71,3.0,78,83,77,3,6.2,High
73,3.1,100,71,87,10,7.6,High
